{
    "loss": 0.9825857877731323,
    "accuracy": 0.7413793206214905
}